id,subscriptiontype_id,client_id,starts_on,ends_on
1,3,68,2019-12-04 13:07:23,2021-12-04 13:07:23
2,3,503,2019-08-31 02:03:11,2021-08-31 02:03:11
3,7,436,2019-10-27 21:56:04,2021-10-27 21:56:04
4,3,322,2020-06-22 22:34:12,2022-06-22 22:34:12
5,6,835,2019-03-17 00:03:58,2020-03-17 00:03:58
6,3,774,2019-10-09 13:57:24,2021-10-09 13:57:24
7,4,927,2020-03-04 02:49:00,2021-03-04 02:49:00
8,3,144,2020-01-28 00:13:06,2022-01-28 00:13:06
9,7,182,2020-07-17 06:22:33,2022-07-17 06:22:33
10,4,345,2018-03-23 22:03:03,2019-03-23 22:03:03
11,6,245,2020-08-05 13:16:30,2021-08-05 13:16:30
12,1,99,2019-02-18 22:41:44,2020-02-18 22:41:44
13,5,338,2020-08-30 03:16:43,2022-08-30 03:16:43
14,6,638,2019-02-09 17:34:00,2020-02-09 17:34:00
15,7,750,2018-07-05 21:10:52,2020-07-05 21:10:52
16,5,100,2019-02-17 16:47:36,2021-02-17 16:47:36
17,5,693,2020-03-01 04:58:41,2022-03-01 04:58:41
18,1,523,2018-09-28 18:01:06,2019-09-28 18:01:06
19,2,978,2019-05-23 20:08:18,2020-05-23 20:08:18
20,5,181,2019-12-04 01:34:24,2021-12-04 01:34:24
21,6,86,2019-10-01 12:19:24,2020-10-01 12:19:24
22,7,707,2020-04-11 07:27:38,2022-04-11 07:27:38
23,6,9,2018-11-08 04:48:52,2019-11-08 04:48:52
24,3,11,2019-09-06 18:44:38,2021-09-06 18:44:38
25,4,370,2018-05-19 22:16:48,2019-05-19 22:16:48
26,5,716,2019-04-05 10:37:23,2021-04-05 10:37:23
27,6,625,2018-09-20 09:34:23,2019-09-20 09:34:23
28,1,434,2020-04-20 02:23:02,2021-04-20 02:23:02
29,3,589,2018-03-30 09:32:39,2020-03-30 09:32:39
30,6,812,2018-10-02 07:11:40,2019-10-02 07:11:40
31,3,973,2020-08-13 01:58:29,2022-08-13 01:58:29
32,3,153,2019-07-11 18:26:46,2021-07-11 18:26:46
33,2,175,2019-08-19 03:22:55,2020-08-19 03:22:55
34,5,817,2019-08-14 13:29:32,2021-08-14 13:29:32
35,2,684,2020-02-23 19:04:59,2021-02-23 19:04:59
36,4,980,2018-04-04 00:56:42,2019-04-04 00:56:42
37,3,941,2018-10-20 05:23:55,2020-10-20 05:23:55
38,5,640,2020-02-18 05:57:01,2022-02-18 05:57:01
39,4,622,2020-08-07 09:49:22,2021-08-07 09:49:22
40,6,909,2019-06-29 16:46:01,2020-06-29 16:46:01
41,7,649,2019-07-19 01:11:31,2021-07-19 01:11:31
42,2,994,2018-10-28 08:44:50,2019-10-28 08:44:50
43,1,5,2020-01-23 14:26:22,2021-01-23 14:26:22
44,7,535,2020-07-25 02:00:56,2022-07-25 02:00:56
45,2,627,2020-05-07 17:14:06,2021-05-07 17:14:06
46,6,523,2019-12-16 06:51:58,2020-12-16 06:51:58
47,7,444,2019-12-20 01:30:50,2021-12-20 01:30:50
48,4,973,2018-05-04 12:34:48,2019-05-04 12:34:48
49,5,477,2018-07-03 22:58:18,2020-07-03 22:58:18
50,6,482,2018-01-03 04:03:03,2019-01-03 04:03:03
51,1,596,2018-06-05 13:11:32,2019-06-05 13:11:32
52,1,69,2020-06-25 11:23:30,2021-06-25 11:23:30
53,4,103,2020-08-06 19:02:39,2021-08-06 19:02:39
54,6,344,2018-10-20 12:28:01,2019-10-20 12:28:01
55,6,250,2020-05-04 19:20:31,2021-05-04 19:20:31
56,3,580,2019-11-02 01:25:05,2021-11-02 01:25:05
57,7,974,2018-05-09 10:05:19,2020-05-09 10:05:19
58,4,889,2018-10-28 19:04:05,2019-10-28 19:04:05
59,1,571,2018-09-11 17:40:12,2019-09-11 17:40:12
60,2,638,2019-03-05 10:32:22,2020-03-05 10:32:22
61,6,244,2018-12-16 13:26:08,2019-12-16 13:26:08
62,4,179,2018-04-12 08:45:13,2019-04-12 08:45:13
63,1,235,2018-12-20 03:10:40,2019-12-20 03:10:40
64,3,184,2018-10-25 19:07:52,2020-10-25 19:07:52
65,2,188,2020-02-12 04:56:45,2021-02-12 04:56:45
66,7,710,2020-01-16 07:12:11,2022-01-16 07:12:11
67,7,647,2019-01-24 09:45:07,2021-01-24 09:45:07
68,7,524,2018-06-30 17:10:53,2020-06-30 17:10:53
69,1,175,2018-01-16 18:42:22,2019-01-16 18:42:22
70,6,478,2019-12-16 00:30:07,2020-12-16 00:30:07
71,7,486,2018-06-19 17:55:36,2020-06-19 17:55:36
72,5,939,2019-08-12 01:34:29,2021-08-12 01:34:29
73,3,405,2019-02-22 06:38:23,2021-02-22 06:38:23
74,7,203,2020-04-24 00:57:58,2022-04-24 00:57:58
75,4,77,2018-10-29 23:51:59,2019-10-29 23:51:59
76,5,191,2018-07-27 23:41:48,2020-07-27 23:41:48
77,5,103,2020-05-30 22:55:50,2022-05-30 22:55:50
78,3,106,2019-04-27 20:38:40,2021-04-27 20:38:40
79,2,625,2018-12-27 18:54:39,2019-12-27 18:54:39
80,3,379,2020-06-12 11:46:08,2022-06-12 11:46:08
81,7,499,2018-08-05 19:57:01,2020-08-05 19:57:01
82,4,839,2019-12-23 07:45:27,2020-12-23 07:45:27
83,6,514,2018-03-26 15:24:59,2019-03-26 15:24:59
84,6,636,2020-05-25 00:21:31,2021-05-25 00:21:31
85,3,545,2019-04-03 13:25:08,2021-04-03 13:25:08
86,3,488,2019-08-29 03:11:31,2021-08-29 03:11:31
87,1,564,2019-09-03 14:06:58,2020-09-03 14:06:58
88,4,500,2019-08-03 02:05:39,2020-08-03 02:05:39
89,5,870,2019-10-25 22:10:38,2021-10-25 22:10:38
90,1,887,2019-08-21 13:01:22,2020-08-21 13:01:22
91,6,162,2020-01-24 16:55:34,2021-01-24 16:55:34
92,3,405,2018-03-17 23:26:32,2020-03-17 23:26:32
93,5,797,2019-10-08 15:56:49,2021-10-08 15:56:49
94,6,685,2018-04-12 16:37:49,2019-04-12 16:37:49
95,1,417,2020-03-31 05:46:33,2021-03-31 05:46:33
96,6,813,2019-08-22 22:07:40,2020-08-22 22:07:40
97,3,554,2019-02-20 16:52:18,2021-02-20 16:52:18
98,4,608,2019-08-05 16:33:36,2020-08-05 16:33:36
99,7,124,2020-03-31 04:08:34,2022-03-31 04:08:34
100,6,550,2019-02-10 14:21:45,2020-02-10 14:21:45
101,1,725,2019-09-06 00:30:01,2020-09-06 00:30:01
102,4,667,2018-09-23 01:14:46,2019-09-23 01:14:46
103,4,983,2020-01-23 16:40:18,2021-01-23 16:40:18
104,2,821,2019-04-13 05:32:45,2020-04-13 05:32:45
105,1,585,2018-09-23 12:41:00,2019-09-23 12:41:00
106,2,715,2020-02-29 14:30:41,2021-02-28 14:30:41
107,4,875,2020-03-23 09:16:58,2021-03-23 09:16:58
108,6,647,2020-06-17 17:08:39,2021-06-17 17:08:39
109,7,326,2019-12-05 19:34:37,2021-12-05 19:34:37
110,2,58,2018-04-18 03:59:05,2019-04-18 03:59:05
111,6,403,2018-03-04 10:30:02,2019-03-04 10:30:02
112,1,161,2020-08-13 07:52:29,2021-08-13 07:52:29
113,2,18,2020-07-22 22:54:49,2021-07-22 22:54:49
114,3,123,2019-05-18 07:18:33,2021-05-18 07:18:33
115,4,235,2018-06-09 07:25:52,2019-06-09 07:25:52
116,6,972,2019-05-09 11:14:50,2020-05-09 11:14:50
117,4,40,2020-03-26 23:35:40,2021-03-26 23:35:40
118,3,638,2019-03-06 02:19:47,2021-03-06 02:19:47
119,5,797,2018-05-31 05:51:53,2020-05-31 05:51:53
120,4,838,2019-09-28 18:30:39,2020-09-28 18:30:39
121,5,492,2020-04-15 16:03:51,2022-04-15 16:03:51
122,1,149,2020-01-16 04:22:59,2021-01-16 04:22:59
123,6,568,2019-05-16 20:36:49,2020-05-16 20:36:49
124,6,685,2018-03-07 10:10:50,2019-03-07 10:10:50
125,4,659,2019-10-19 04:14:55,2020-10-19 04:14:55
126,2,116,2019-02-10 08:59:35,2020-02-10 08:59:35
127,5,305,2019-09-14 00:30:48,2021-09-14 00:30:48
128,4,742,2019-05-20 03:27:48,2020-05-20 03:27:48
129,4,814,2018-04-17 02:31:10,2019-04-17 02:31:10
130,4,943,2019-12-10 16:07:36,2020-12-10 16:07:36
131,4,468,2018-06-25 04:04:17,2019-06-25 04:04:17
132,3,838,2019-12-18 08:24:31,2021-12-18 08:24:31
133,7,493,2018-05-17 08:21:37,2020-05-17 08:21:37
134,3,528,2019-05-01 21:21:19,2021-05-01 21:21:19
135,6,475,2019-06-04 13:41:49,2020-06-04 13:41:49
136,7,397,2019-03-24 04:27:46,2021-03-24 04:27:46
137,7,962,2019-08-13 22:02:09,2021-08-13 22:02:09
138,2,186,2019-05-19 21:22:50,2020-05-19 21:22:50
139,6,472,2019-08-14 19:43:12,2020-08-14 19:43:12
140,7,237,2018-11-04 23:27:20,2020-11-04 23:27:20
141,6,583,2018-05-25 13:30:13,2019-05-25 13:30:13
142,3,359,2018-09-21 09:53:03,2020-09-21 09:53:03
143,5,770,2018-03-18 09:05:17,2020-03-18 09:05:17
144,4,498,2020-08-05 22:06:48,2021-08-05 22:06:48
145,2,258,2019-10-06 11:23:01,2020-10-06 11:23:01
146,4,467,2018-10-04 20:42:14,2019-10-04 20:42:14
147,5,977,2019-09-02 04:09:52,2021-09-02 04:09:52
148,1,522,2018-05-22 15:55:06,2019-05-22 15:55:06
149,5,703,2019-09-24 14:17:14,2021-09-24 14:17:14
150,5,493,2020-01-13 16:09:47,2022-01-13 16:09:47
151,2,346,2019-05-12 02:32:17,2020-05-12 02:32:17
152,2,658,2020-03-04 16:48:43,2021-03-04 16:48:43
153,7,607,2020-01-01 02:03:33,2022-01-01 02:03:33
154,6,764,2019-10-13 04:24:53,2020-10-13 04:24:53
155,1,143,2018-08-08 06:02:24,2019-08-08 06:02:24
156,2,683,2020-07-30 06:16:18,2021-07-30 06:16:18
157,7,546,2018-09-04 22:17:30,2020-09-04 22:17:30
158,5,789,2020-01-07 17:33:02,2022-01-07 17:33:02
159,1,484,2019-08-02 08:36:32,2020-08-02 08:36:32
160,4,291,2018-12-10 15:13:51,2019-12-10 15:13:51
161,4,600,2019-12-29 10:22:49,2020-12-29 10:22:49
162,7,850,2018-09-19 22:36:28,2020-09-19 22:36:28
163,3,555,2020-07-11 17:53:39,2022-07-11 17:53:39
164,1,630,2019-05-04 09:16:11,2020-05-04 09:16:11
165,2,948,2019-08-20 20:52:35,2020-08-20 20:52:35
166,5,208,2019-02-27 13:32:34,2021-02-27 13:32:34
167,1,888,2018-10-18 11:46:28,2019-10-18 11:46:28
168,4,968,2018-05-06 14:44:56,2019-05-06 14:44:56
169,4,126,2019-10-17 00:26:22,2020-10-17 00:26:22
170,1,566,2019-10-29 08:24:41,2020-10-29 08:24:41
171,3,12,2019-11-10 00:58:12,2021-11-10 00:58:12
172,4,82,2020-04-26 09:01:45,2021-04-26 09:01:45
173,3,185,2018-10-11 04:58:04,2020-10-11 04:58:04
174,4,338,2018-07-27 18:48:01,2019-07-27 18:48:01
175,7,166,2019-06-06 01:57:19,2021-06-06 01:57:19
176,2,40,2019-08-17 13:18:30,2020-08-17 13:18:30
177,4,355,2019-11-19 18:23:29,2020-11-19 18:23:29
178,6,503,2018-08-23 17:43:41,2019-08-23 17:43:41
179,4,780,2018-05-06 01:45:45,2019-05-06 01:45:45
180,5,559,2020-04-04 16:26:43,2022-04-04 16:26:43
181,6,14,2018-05-15 09:41:02,2019-05-15 09:41:02
182,7,453,2020-08-25 03:34:04,2022-08-25 03:34:04
183,7,450,2020-04-24 10:20:39,2022-04-24 10:20:39
184,7,491,2020-02-29 13:34:21,2022-02-28 13:34:21
185,6,775,2020-02-12 08:10:44,2021-02-12 08:10:44
186,7,876,2018-03-01 23:58:01,2020-03-01 23:58:01
187,1,464,2018-03-04 01:23:17,2019-03-04 01:23:17
188,1,345,2019-05-04 20:33:29,2020-05-04 20:33:29
189,7,570,2019-08-02 10:42:53,2021-08-02 10:42:53
190,2,143,2018-12-28 17:36:18,2019-12-28 17:36:18
191,3,957,2019-05-05 16:18:02,2021-05-05 16:18:02
192,6,253,2018-11-22 14:55:17,2019-11-22 14:55:17
193,5,121,2018-06-10 20:28:09,2020-06-10 20:28:09
194,4,978,2019-05-03 20:58:29,2020-05-03 20:58:29
195,1,783,2018-05-09 23:06:27,2019-05-09 23:06:27
196,4,202,2018-09-04 08:45:43,2019-09-04 08:45:43
197,2,462,2018-05-31 08:16:26,2019-05-31 08:16:26
198,3,305,2018-02-17 12:21:55,2020-02-17 12:21:55
199,5,513,2018-08-25 15:02:10,2020-08-25 15:02:10
200,4,350,2020-05-23 23:00:50,2021-05-23 23:00:50
201,3,525,2019-07-08 23:34:20,2021-07-08 23:34:20
202,5,515,2019-07-04 13:59:53,2021-07-04 13:59:53
203,1,578,2020-07-23 22:48:59,2021-07-23 22:48:59
204,3,102,2018-10-09 02:13:08,2020-10-09 02:13:08
205,2,560,2018-03-03 09:44:56,2019-03-03 09:44:56
206,7,612,2019-02-24 02:03:52,2021-02-24 02:03:52
207,2,516,2018-11-23 08:33:14,2019-11-23 08:33:14
208,1,69,2019-12-30 07:41:50,2020-12-30 07:41:50
209,2,644,2020-06-21 01:47:38,2021-06-21 01:47:38
210,7,681,2019-02-05 08:39:11,2021-02-05 08:39:11
211,3,254,2020-05-12 08:22:53,2022-05-12 08:22:53
212,5,217,2018-07-11 19:37:09,2020-07-11 19:37:09
213,1,502,2020-07-09 12:45:56,2021-07-09 12:45:56
214,7,223,2020-03-22 12:01:04,2022-03-22 12:01:04
215,1,496,2018-06-09 14:43:59,2019-06-09 14:43:59
216,4,519,2020-04-09 11:39:22,2021-04-09 11:39:22
217,2,625,2018-05-26 23:12:13,2019-05-26 23:12:13
218,1,923,2018-01-20 01:55:18,2019-01-20 01:55:18
219,2,201,2019-06-09 07:17:12,2020-06-09 07:17:12
220,2,755,2018-07-18 02:22:17,2019-07-18 02:22:17
221,4,142,2018-11-17 08:00:20,2019-11-17 08:00:20
222,4,799,2018-02-19 16:07:41,2019-02-19 16:07:41
223,5,852,2019-04-03 02:57:05,2021-04-03 02:57:05
224,3,70,2019-10-19 02:43:55,2021-10-19 02:43:55
225,2,585,2018-08-18 04:44:29,2019-08-18 04:44:29
226,6,234,2019-06-14 13:41:20,2020-06-14 13:41:20
227,3,503,2019-12-02 06:59:49,2021-12-02 06:59:49
228,5,599,2018-06-03 13:48:43,2020-06-03 13:48:43
229,3,109,2018-07-28 19:56:34,2020-07-28 19:56:34
230,5,708,2019-10-17 05:56:23,2021-10-17 05:56:23
231,6,604,2018-11-09 12:18:11,2019-11-09 12:18:11
232,3,503,2019-11-30 20:09:32,2021-11-30 20:09:32
233,1,119,2020-06-02 17:29:59,2021-06-02 17:29:59
234,1,960,2020-04-21 15:43:27,2021-04-21 15:43:27
235,4,419,2018-04-19 15:27:28,2019-04-19 15:27:28
236,3,549,2019-10-12 17:19:15,2021-10-12 17:19:15
237,6,354,2019-06-09 03:40:49,2020-06-09 03:40:49
238,7,887,2020-01-31 17:28:03,2022-01-31 17:28:03
239,3,697,2020-01-12 22:25:37,2022-01-12 22:25:37
240,7,885,2018-07-29 07:46:17,2020-07-29 07:46:17
241,5,511,2018-09-30 08:51:28,2020-09-30 08:51:28
242,7,561,2020-08-26 08:51:49,2022-08-26 08:51:49
243,5,992,2020-02-28 05:24:34,2022-02-28 05:24:34
244,3,213,2018-05-10 16:52:34,2020-05-10 16:52:34
245,1,336,2018-08-29 10:01:53,2019-08-29 10:01:53
246,3,411,2019-01-01 01:21:46,2021-01-01 01:21:46
247,7,914,2019-06-07 07:58:31,2021-06-07 07:58:31
248,5,906,2019-04-05 21:58:18,2021-04-05 21:58:18
249,1,547,2018-08-14 22:07:54,2019-08-14 22:07:54
250,1,517,2019-08-02 19:56:51,2020-08-02 19:56:51
251,5,309,2018-09-17 11:10:19,2020-09-17 11:10:19
252,5,1000,2019-11-26 16:08:24,2021-11-26 16:08:24
253,1,986,2018-06-08 01:51:16,2019-06-08 01:51:16
254,2,904,2018-11-09 06:39:46,2019-11-09 06:39:46
255,2,567,2020-01-14 18:48:39,2021-01-14 18:48:39
256,5,976,2020-07-14 22:49:33,2022-07-14 22:49:33
257,1,135,2019-12-03 03:20:27,2020-12-03 03:20:27
258,1,290,2018-02-14 15:12:17,2019-02-14 15:12:17
259,3,884,2018-03-08 05:21:43,2020-03-08 05:21:43
260,1,143,2020-09-12 22:46:41,2021-09-12 22:46:41
261,6,136,2018-09-22 01:41:41,2019-09-22 01:41:41
262,1,58,2019-03-18 03:32:54,2020-03-18 03:32:54
263,2,822,2018-02-21 17:41:54,2019-02-21 17:41:54
264,2,80,2018-12-23 04:12:29,2019-12-23 04:12:29
265,6,269,2018-01-23 06:50:46,2019-01-23 06:50:46
266,6,874,2018-09-03 09:47:36,2019-09-03 09:47:36
267,7,959,2020-09-14 17:37:29,2022-09-14 17:37:29
268,3,800,2018-08-22 19:53:20,2020-08-22 19:53:20
269,5,130,2019-11-09 10:15:21,2021-11-09 10:15:21
270,4,861,2018-05-31 09:51:03,2019-05-31 09:51:03
271,5,730,2018-04-25 09:08:33,2020-04-25 09:08:33
272,2,601,2020-04-17 04:06:59,2021-04-17 04:06:59
273,5,595,2020-03-28 23:41:04,2022-03-28 23:41:04
274,4,158,2019-04-27 08:07:56,2020-04-27 08:07:56
275,3,499,2018-03-11 14:57:34,2020-03-11 14:57:34
276,5,818,2019-05-08 02:33:17,2021-05-08 02:33:17
277,7,463,2019-08-31 20:35:55,2021-08-31 20:35:55
278,3,250,2018-10-05 17:17:29,2020-10-05 17:17:29
279,4,76,2018-12-10 22:34:44,2019-12-10 22:34:44
280,2,85,2019-08-31 23:51:03,2020-08-31 23:51:03
281,4,567,2020-07-13 11:16:35,2021-07-13 11:16:35
282,4,970,2018-07-19 05:33:59,2019-07-19 05:33:59
283,1,717,2020-09-08 16:52:28,2021-09-08 16:52:28
284,6,104,2020-03-28 01:49:57,2021-03-28 01:49:57
285,1,412,2019-01-15 05:52:28,2020-01-15 05:52:28
286,6,640,2018-06-14 05:05:04,2019-06-14 05:05:04
287,6,258,2018-03-28 10:09:29,2019-03-28 10:09:29
288,1,638,2020-08-24 16:47:36,2021-08-24 16:47:36
289,7,311,2020-01-04 17:54:27,2022-01-04 17:54:27
290,2,787,2020-03-10 11:14:49,2021-03-10 11:14:49
291,4,481,2019-12-02 03:43:20,2020-12-02 03:43:20
292,7,291,2019-12-20 11:12:19,2021-12-20 11:12:19
293,3,564,2019-08-16 16:26:24,2021-08-16 16:26:24
294,4,891,2018-12-23 20:14:56,2019-12-23 20:14:56
295,2,131,2019-03-27 18:36:52,2020-03-27 18:36:52
296,6,469,2019-02-03 07:49:34,2020-02-03 07:49:34
297,1,625,2018-02-26 02:33:40,2019-02-26 02:33:40
298,4,936,2018-02-26 20:52:46,2019-02-26 20:52:46
299,6,360,2020-01-31 21:47:40,2021-01-31 21:47:40
300,3,995,2019-01-28 17:43:10,2021-01-28 17:43:10
301,6,497,2020-07-09 06:07:11,2021-07-09 06:07:11
302,2,200,2019-02-10 05:37:16,2020-02-10 05:37:16
303,3,89,2019-01-25 01:34:42,2021-01-25 01:34:42
304,5,95,2018-06-18 21:15:19,2020-06-18 21:15:19
305,2,657,2020-09-13 08:38:14,2021-09-13 08:38:14
306,3,448,2018-05-22 04:40:41,2020-05-22 04:40:41
307,3,562,2019-11-12 07:21:03,2021-11-12 07:21:03
308,2,602,2020-07-02 07:23:46,2021-07-02 07:23:46
309,6,983,2019-10-26 14:30:42,2020-10-26 14:30:42
310,2,40,2019-11-30 14:34:48,2020-11-30 14:34:48
311,6,488,2018-03-02 15:16:58,2019-03-02 15:16:58
312,1,413,2019-02-25 14:52:51,2020-02-25 14:52:51
313,7,189,2018-06-20 18:03:21,2020-06-20 18:03:21
314,6,927,2019-04-25 10:54:13,2020-04-25 10:54:13
315,2,296,2019-02-18 01:36:17,2020-02-18 01:36:17
316,3,13,2019-12-13 02:27:16,2021-12-13 02:27:16
317,7,700,2019-03-10 10:25:32,2021-03-10 10:25:32
318,3,883,2020-08-09 11:28:32,2022-08-09 11:28:32
319,4,245,2019-10-09 11:13:35,2020-10-09 11:13:35
320,4,154,2020-09-01 10:32:45,2021-09-01 10:32:45
321,2,361,2018-10-20 08:58:59,2019-10-20 08:58:59
322,6,378,2019-07-30 02:42:17,2020-07-30 02:42:17
323,1,769,2018-07-01 15:45:55,2019-07-01 15:45:55
324,1,746,2018-06-26 17:13:13,2019-06-26 17:13:13
325,2,691,2020-01-26 00:59:11,2021-01-26 00:59:11
326,7,840,2020-01-28 19:42:38,2022-01-28 19:42:38
327,5,844,2019-09-13 10:26:45,2021-09-13 10:26:45
328,5,982,2019-04-21 11:51:59,2021-04-21 11:51:59
329,5,124,2018-07-16 06:03:08,2020-07-16 06:03:08
330,3,530,2018-09-26 09:57:10,2020-09-26 09:57:10
331,2,351,2019-11-07 19:33:46,2020-11-07 19:33:46
332,6,466,2020-06-23 07:48:30,2021-06-23 07:48:30
333,3,102,2018-06-30 04:26:56,2020-06-30 04:26:56
334,5,823,2018-12-04 06:13:35,2020-12-04 06:13:35
335,1,376,2020-01-07 20:26:22,2021-01-07 20:26:22
336,2,626,2019-12-08 14:34:05,2020-12-08 14:34:05
337,1,451,2019-02-28 21:00:46,2020-02-28 21:00:46
338,3,821,2020-08-07 21:19:49,2022-08-07 21:19:49
339,3,617,2018-12-31 11:01:29,2020-12-31 11:01:29
340,1,925,2020-04-11 08:26:15,2021-04-11 08:26:15
341,6,302,2018-11-08 07:37:04,2019-11-08 07:37:04
342,1,61,2019-09-06 23:22:41,2020-09-06 23:22:41
343,5,403,2018-04-15 19:26:10,2020-04-15 19:26:10
344,4,851,2018-10-17 19:59:43,2019-10-17 19:59:43
345,5,264,2019-01-11 03:07:25,2021-01-11 03:07:25
346,7,34,2018-03-02 18:19:56,2020-03-02 18:19:56
347,1,780,2018-11-08 05:17:00,2019-11-08 05:17:00
348,3,272,2020-03-24 05:37:25,2022-03-24 05:37:25
349,1,543,2019-08-21 14:02:20,2020-08-21 14:02:20
350,2,282,2018-04-04 15:44:21,2019-04-04 15:44:21
351,4,25,2019-09-22 06:40:24,2020-09-22 06:40:24
352,5,882,2020-02-28 03:41:42,2022-02-28 03:41:42
353,5,240,2019-10-03 14:39:56,2021-10-03 14:39:56
354,5,636,2019-01-04 06:12:49,2021-01-04 06:12:49
355,4,457,2020-05-31 05:08:35,2021-05-31 05:08:35
356,6,398,2020-05-13 19:22:35,2021-05-13 19:22:35
357,1,604,2019-04-08 07:53:44,2020-04-08 07:53:44
358,2,348,2019-01-20 00:31:46,2020-01-20 00:31:46
359,3,396,2019-05-13 05:05:32,2021-05-13 05:05:32
360,1,615,2020-03-12 01:32:58,2021-03-12 01:32:58
361,3,655,2019-04-17 04:32:33,2021-04-17 04:32:33
362,6,884,2019-03-23 04:53:39,2020-03-23 04:53:39
363,4,469,2019-04-17 16:56:51,2020-04-17 16:56:51
364,7,240,2019-06-01 22:55:22,2021-06-01 22:55:22
365,4,8,2018-09-10 05:28:22,2019-09-10 05:28:22
366,4,962,2018-08-17 02:11:56,2019-08-17 02:11:56
367,2,252,2019-11-05 01:20:04,2020-11-05 01:20:04
368,1,54,2019-09-13 07:34:09,2020-09-13 07:34:09
369,3,697,2018-09-21 02:25:49,2020-09-21 02:25:49
370,6,601,2018-12-09 03:52:16,2019-12-09 03:52:16
371,7,497,2019-08-20 07:50:45,2021-08-20 07:50:45
372,2,207,2020-02-28 22:50:54,2021-02-28 22:50:54
373,5,880,2018-12-09 23:31:35,2020-12-09 23:31:35
374,6,739,2020-01-31 00:07:07,2021-01-31 00:07:07
375,1,924,2018-01-27 14:18:18,2019-01-27 14:18:18
376,4,492,2018-10-11 11:07:20,2019-10-11 11:07:20
377,5,280,2020-04-07 14:22:22,2022-04-07 14:22:22
378,6,737,2018-06-07 08:27:11,2019-06-07 08:27:11
379,4,622,2020-05-30 00:00:57,2021-05-30 00:00:57
380,4,475,2020-01-29 17:01:40,2021-01-29 17:01:40
381,4,259,2019-01-12 15:48:57,2020-01-12 15:48:57
382,4,443,2020-07-14 22:43:57,2021-07-14 22:43:57
383,7,774,2019-04-06 14:16:23,2021-04-06 14:16:23
384,7,43,2018-02-03 05:40:51,2020-02-03 05:40:51
385,6,893,2019-08-11 09:16:07,2020-08-11 09:16:07
386,3,78,2020-02-12 13:52:09,2022-02-12 13:52:09
387,7,316,2020-07-19 16:45:46,2022-07-19 16:45:46
388,1,290,2019-06-22 23:39:41,2020-06-22 23:39:41
389,6,659,2019-04-11 13:56:10,2020-04-11 13:56:10
390,2,558,2020-01-07 17:46:51,2021-01-07 17:46:51
391,5,438,2019-09-22 07:19:34,2021-09-22 07:19:34
392,2,634,2020-04-22 06:19:37,2021-04-22 06:19:37
393,3,909,2018-06-26 10:38:37,2020-06-26 10:38:37
394,1,959,2020-03-01 02:28:56,2021-03-01 02:28:56
395,5,749,2018-11-22 01:02:18,2020-11-22 01:02:18
396,7,529,2020-07-03 16:56:02,2022-07-03 16:56:02
397,5,571,2018-10-17 06:15:48,2020-10-17 06:15:48
398,5,647,2018-04-11 22:52:30,2020-04-11 22:52:30
399,3,309,2018-07-08 18:41:19,2020-07-08 18:41:19
400,5,777,2018-03-07 09:08:25,2020-03-07 09:08:25
401,5,853,2018-07-11 06:07:15,2020-07-11 06:07:15
402,4,395,2018-09-22 14:01:12,2019-09-22 14:01:12
403,6,416,2019-12-29 07:23:43,2020-12-29 07:23:43
404,1,218,2019-06-11 21:24:45,2020-06-11 21:24:45
405,7,814,2020-06-20 03:31:35,2022-06-20 03:31:35
406,7,380,2020-03-30 12:00:22,2022-03-30 12:00:22
407,5,303,2019-10-15 08:54:45,2021-10-15 08:54:45
408,3,626,2019-04-19 22:05:56,2021-04-19 22:05:56
409,1,563,2020-07-08 04:00:49,2021-07-08 04:00:49
410,1,150,2019-03-07 19:42:05,2020-03-07 19:42:05
411,7,81,2019-02-26 00:29:10,2021-02-26 00:29:10
412,5,524,2019-07-08 19:04:24,2021-07-08 19:04:24
413,7,358,2020-01-06 17:23:08,2022-01-06 17:23:08
414,7,729,2018-10-02 08:40:58,2020-10-02 08:40:58
415,5,608,2019-12-09 12:44:46,2021-12-09 12:44:46
416,6,442,2018-10-03 15:08:45,2019-10-03 15:08:45
417,4,689,2019-11-29 15:52:36,2020-11-29 15:52:36
418,4,724,2018-08-25 21:06:00,2019-08-25 21:06:00
419,1,943,2019-10-01 21:36:48,2020-10-01 21:36:48
420,6,373,2018-04-05 12:12:36,2019-04-05 12:12:36
421,3,439,2020-07-05 17:55:08,2022-07-05 17:55:08
422,6,728,2018-12-20 08:18:45,2019-12-20 08:18:45
423,2,773,2018-07-19 10:49:08,2019-07-19 10:49:08
424,1,679,2019-07-07 20:52:32,2020-07-07 20:52:32
425,4,205,2019-03-31 03:04:30,2020-03-31 03:04:30
426,3,157,2020-04-03 13:03:45,2022-04-03 13:03:45
427,2,574,2020-02-06 06:46:47,2021-02-06 06:46:47
428,1,203,2020-02-14 11:47:59,2021-02-14 11:47:59
429,5,623,2018-08-08 03:26:42,2020-08-08 03:26:42
430,7,658,2019-07-10 06:41:30,2021-07-10 06:41:30
431,4,169,2020-07-08 06:09:30,2021-07-08 06:09:30
432,6,380,2018-11-27 13:12:20,2019-11-27 13:12:20
433,2,415,2020-03-10 17:13:11,2021-03-10 17:13:11
434,4,978,2019-03-11 14:15:09,2020-03-11 14:15:09
435,5,179,2019-02-06 10:08:02,2021-02-06 10:08:02
436,7,58,2020-06-25 11:10:52,2022-06-25 11:10:52
437,4,162,2018-05-29 20:16:58,2019-05-29 20:16:58
438,2,172,2018-07-10 05:35:33,2019-07-10 05:35:33
439,4,184,2019-07-03 23:30:09,2020-07-03 23:30:09
440,1,257,2018-07-02 14:37:20,2019-07-02 14:37:20
441,7,285,2018-09-15 17:44:18,2020-09-15 17:44:18
442,4,862,2018-01-04 20:01:44,2019-01-04 20:01:44
443,5,940,2019-08-09 14:35:21,2021-08-09 14:35:21
444,4,298,2018-06-23 06:13:31,2019-06-23 06:13:31
445,3,115,2019-02-03 07:28:18,2021-02-03 07:28:18
446,3,370,2018-09-15 07:41:11,2020-09-15 07:41:11
447,7,490,2020-07-15 05:55:34,2022-07-15 05:55:34
448,7,649,2018-07-07 09:50:06,2020-07-07 09:50:06
449,3,650,2020-07-26 07:20:04,2022-07-26 07:20:04
450,4,714,2019-09-20 00:08:20,2020-09-20 00:08:20
451,1,605,2018-12-30 19:38:38,2019-12-30 19:38:38
452,3,388,2018-05-25 11:03:01,2020-05-25 11:03:01
453,3,76,2020-06-01 08:00:52,2022-06-01 08:00:52
454,6,820,2019-12-27 03:34:50,2020-12-27 03:34:50
455,4,787,2018-07-12 07:55:46,2019-07-12 07:55:46
456,3,3,2018-09-13 20:18:18,2020-09-13 20:18:18
457,6,938,2018-02-24 16:57:01,2019-02-24 16:57:01
458,7,111,2020-02-20 12:36:28,2022-02-20 12:36:28
459,3,47,2020-04-01 10:14:28,2022-04-01 10:14:28
460,7,163,2018-04-09 19:18:20,2020-04-09 19:18:20
461,5,971,2020-07-21 17:26:51,2022-07-21 17:26:51
462,2,809,2020-03-05 13:17:49,2021-03-05 13:17:49
463,7,522,2018-05-15 08:21:51,2020-05-15 08:21:51
464,6,884,2020-01-16 10:46:25,2021-01-16 10:46:25
465,7,735,2018-06-06 13:41:07,2020-06-06 13:41:07
466,2,733,2018-05-02 06:02:38,2019-05-02 06:02:38
467,1,400,2019-01-30 13:14:04,2020-01-30 13:14:04
468,6,719,2018-11-11 22:48:49,2019-11-11 22:48:49
469,7,425,2019-09-06 18:07:53,2021-09-06 18:07:53
470,1,521,2019-05-22 21:10:46,2020-05-22 21:10:46
471,6,671,2019-05-10 20:36:13,2020-05-10 20:36:13
472,1,486,2018-10-10 01:28:58,2019-10-10 01:28:58
473,3,150,2019-04-24 20:21:58,2021-04-24 20:21:58
474,1,967,2019-11-13 14:22:36,2020-11-13 14:22:36
475,6,828,2018-06-04 23:46:33,2019-06-04 23:46:33
476,6,987,2018-10-25 12:26:45,2019-10-25 12:26:45
477,7,25,2018-06-04 10:17:10,2020-06-04 10:17:10
478,7,111,2019-08-03 19:43:42,2021-08-03 19:43:42
479,7,437,2018-01-19 17:45:43,2020-01-19 17:45:43
480,6,765,2020-08-20 21:19:30,2021-08-20 21:19:30
481,6,62,2020-02-11 23:07:51,2021-02-11 23:07:51
482,3,222,2018-06-15 04:03:57,2020-06-15 04:03:57
483,6,327,2018-11-09 18:04:41,2019-11-09 18:04:41
484,7,779,2019-03-07 17:09:59,2021-03-07 17:09:59
485,7,794,2019-01-06 22:29:35,2021-01-06 22:29:35
486,5,628,2020-03-14 23:14:43,2022-03-14 23:14:43
487,6,628,2020-09-03 21:46:26,2021-09-03 21:46:26
488,4,511,2018-04-09 05:26:11,2019-04-09 05:26:11
489,1,800,2020-03-09 12:04:20,2021-03-09 12:04:20
490,1,929,2020-09-13 03:25:34,2021-09-13 03:25:34
491,4,628,2019-04-07 14:38:32,2020-04-07 14:38:32
492,6,115,2018-02-04 09:59:56,2019-02-04 09:59:56
493,5,275,2020-06-07 12:38:29,2022-06-07 12:38:29
494,4,899,2020-02-11 21:10:50,2021-02-11 21:10:50
495,5,995,2019-10-19 21:46:35,2021-10-19 21:46:35
496,1,816,2018-05-17 12:52:21,2019-05-17 12:52:21
497,2,842,2019-04-03 01:15:11,2020-04-03 01:15:11
498,6,9,2020-06-05 07:52:43,2021-06-05 07:52:43
499,1,494,2018-02-20 12:29:04,2019-02-20 12:29:04
500,7,997,2018-10-30 02:51:27,2020-10-30 02:51:27
501,6,749,2019-06-12 07:40:10,2020-06-12 07:40:10
502,3,581,2018-04-06 22:39:59,2020-04-06 22:39:59
503,4,623,2019-04-08 14:52:37,2020-04-08 14:52:37
504,2,257,2020-07-31 18:07:57,2021-07-31 18:07:57
505,4,921,2019-08-22 12:34:53,2020-08-22 12:34:53
506,3,559,2018-05-09 23:39:46,2020-05-09 23:39:46
507,3,452,2018-03-17 11:13:43,2020-03-17 11:13:43
508,2,740,2019-11-02 21:42:32,2020-11-02 21:42:32
509,3,377,2018-06-16 22:14:11,2020-06-16 22:14:11
510,5,502,2020-03-03 09:49:17,2022-03-03 09:49:17
511,7,562,2018-07-23 00:24:40,2020-07-23 00:24:40
512,2,659,2019-11-17 01:26:29,2020-11-17 01:26:29
513,1,737,2019-09-14 20:32:35,2020-09-14 20:32:35
514,1,636,2018-11-18 00:50:06,2019-11-18 00:50:06
515,6,395,2020-08-19 08:39:54,2021-08-19 08:39:54
516,4,496,2020-02-06 09:16:42,2021-02-06 09:16:42
517,4,466,2018-07-02 05:01:56,2019-07-02 05:01:56
518,2,139,2019-07-06 02:45:49,2020-07-06 02:45:49
519,4,354,2019-11-01 15:28:40,2020-11-01 15:28:40
520,4,514,2018-03-05 00:29:39,2019-03-05 00:29:39
521,6,177,2019-03-20 23:45:34,2020-03-20 23:45:34
522,7,670,2018-10-21 13:59:31,2020-10-21 13:59:31
523,7,270,2019-01-11 05:42:50,2021-01-11 05:42:50
524,3,965,2019-02-01 19:30:22,2021-02-01 19:30:22
525,3,774,2020-06-03 09:32:59,2022-06-03 09:32:59
526,1,166,2018-03-22 04:14:44,2019-03-22 04:14:44
527,5,199,2019-09-08 03:57:48,2021-09-08 03:57:48
528,6,621,2018-04-15 11:17:42,2019-04-15 11:17:42
529,7,113,2019-05-13 05:03:02,2021-05-13 05:03:02
530,5,665,2019-10-13 16:29:04,2021-10-13 16:29:04
531,5,142,2018-05-31 01:47:18,2020-05-31 01:47:18
532,6,707,2019-08-18 09:19:48,2020-08-18 09:19:48
533,5,896,2019-10-26 08:44:02,2021-10-26 08:44:02
534,4,996,2020-09-12 21:20:27,2021-09-12 21:20:27
535,1,801,2019-08-01 06:51:26,2020-08-01 06:51:26
536,7,956,2020-04-01 20:12:41,2022-04-01 20:12:41
537,7,618,2018-12-16 05:39:00,2020-12-16 05:39:00
538,5,415,2018-06-28 05:46:52,2020-06-28 05:46:52
539,3,695,2019-10-08 00:13:14,2021-10-08 00:13:14
540,1,359,2018-06-01 12:40:17,2019-06-01 12:40:17
541,3,604,2018-09-12 02:15:26,2020-09-12 02:15:26
542,4,882,2018-01-14 16:26:40,2019-01-14 16:26:40
543,6,972,2018-10-10 11:15:27,2019-10-10 11:15:27
544,2,195,2019-02-23 00:00:32,2020-02-23 00:00:32
545,7,860,2020-02-08 03:36:31,2022-02-08 03:36:31
546,3,842,2019-11-07 18:30:32,2021-11-07 18:30:32
547,6,152,2020-07-22 04:56:42,2021-07-22 04:56:42
548,3,933,2020-09-07 18:02:31,2022-09-07 18:02:31
549,4,426,2020-02-16 05:17:59,2021-02-16 05:17:59
550,5,331,2020-03-15 09:56:44,2022-03-15 09:56:44
551,2,710,2018-06-06 21:31:18,2019-06-06 21:31:18
552,5,938,2020-02-21 13:32:16,2022-02-21 13:32:16
553,4,459,2020-01-20 15:40:48,2021-01-20 15:40:48
554,1,682,2018-05-10 20:56:06,2019-05-10 20:56:06
555,3,639,2019-11-13 02:30:47,2021-11-13 02:30:47
556,5,808,2020-02-26 06:44:02,2022-02-26 06:44:02
557,6,904,2019-08-10 23:13:05,2020-08-10 23:13:05
558,4,284,2018-07-12 13:57:00,2019-07-12 13:57:00
559,3,563,2019-01-26 22:16:24,2021-01-26 22:16:24
560,4,48,2020-08-22 08:54:02,2021-08-22 08:54:02
561,3,831,2018-11-21 12:04:10,2020-11-21 12:04:10
562,5,787,2020-01-15 00:58:48,2022-01-15 00:58:48
563,3,470,2019-10-03 09:55:26,2021-10-03 09:55:26
564,7,794,2018-12-27 15:37:09,2020-12-27 15:37:09
565,7,595,2018-05-16 21:12:22,2020-05-16 21:12:22
566,6,209,2019-03-31 20:51:24,2020-03-31 20:51:24
567,2,280,2020-03-03 01:37:23,2021-03-03 01:37:23
568,5,418,2018-07-03 06:26:43,2020-07-03 06:26:43
569,4,73,2019-11-23 03:17:59,2020-11-23 03:17:59
570,6,96,2018-11-14 14:46:08,2019-11-14 14:46:08
571,6,541,2018-04-02 11:52:09,2019-04-02 11:52:09
572,1,948,2019-06-16 13:09:12,2020-06-16 13:09:12
573,7,77,2018-03-08 20:29:53,2020-03-08 20:29:53
574,5,937,2020-08-06 18:45:06,2022-08-06 18:45:06
575,2,843,2020-01-16 07:54:31,2021-01-16 07:54:31
576,4,40,2020-05-08 19:44:46,2021-05-08 19:44:46
577,7,521,2019-11-27 04:08:24,2021-11-27 04:08:24
578,7,461,2020-08-21 02:05:36,2022-08-21 02:05:36
579,5,824,2020-01-11 10:16:11,2022-01-11 10:16:11
580,2,584,2018-06-11 17:35:50,2019-06-11 17:35:50
581,5,685,2020-09-12 01:17:05,2022-09-12 01:17:05
582,1,181,2018-05-08 01:19:02,2019-05-08 01:19:02
583,5,55,2020-06-02 05:36:21,2022-06-02 05:36:21
584,5,719,2018-05-10 09:56:25,2020-05-10 09:56:25
585,7,315,2019-06-14 07:36:20,2021-06-14 07:36:20
586,5,693,2019-01-04 07:42:40,2021-01-04 07:42:40
587,1,572,2018-08-02 22:33:38,2019-08-02 22:33:38
588,2,707,2018-07-19 10:14:27,2019-07-19 10:14:27
589,1,123,2019-05-09 09:15:18,2020-05-09 09:15:18
590,2,333,2019-04-12 16:40:46,2020-04-12 16:40:46
591,6,444,2018-11-16 14:43:12,2019-11-16 14:43:12
592,1,757,2019-10-23 10:23:42,2020-10-23 10:23:42
593,1,787,2019-05-25 21:14:57,2020-05-25 21:14:57
594,4,916,2019-01-26 18:11:34,2020-01-26 18:11:34
595,3,903,2019-11-15 07:58:07,2021-11-15 07:58:07
596,4,587,2019-12-11 10:11:14,2020-12-11 10:11:14
597,3,588,2020-07-22 22:32:07,2022-07-22 22:32:07
598,7,596,2019-09-19 13:08:39,2021-09-19 13:08:39
599,3,827,2020-01-07 04:08:40,2022-01-07 04:08:40
600,7,969,2018-06-02 15:56:13,2020-06-02 15:56:13
601,1,844,2019-04-25 13:06:02,2020-04-25 13:06:02
602,5,922,2018-05-04 17:19:53,2020-05-04 17:19:53
603,2,482,2018-08-16 22:09:10,2019-08-16 22:09:10
604,4,787,2019-07-20 01:07:19,2020-07-20 01:07:19
605,4,336,2018-03-17 03:01:27,2019-03-17 03:01:27
606,3,884,2019-05-05 07:44:32,2021-05-05 07:44:32
607,4,915,2019-07-02 10:44:13,2020-07-02 10:44:13
608,2,897,2018-11-08 21:02:05,2019-11-08 21:02:05
609,3,105,2018-05-27 08:00:43,2020-05-27 08:00:43
610,5,291,2020-08-28 02:21:40,2022-08-28 02:21:40
611,4,936,2020-06-26 14:43:34,2021-06-26 14:43:34
612,6,408,2018-04-07 06:24:06,2019-04-07 06:24:06
613,7,264,2019-08-06 18:22:24,2021-08-06 18:22:24
614,5,460,2020-03-08 12:02:10,2022-03-08 12:02:10
615,3,423,2019-11-21 09:50:55,2021-11-21 09:50:55
616,7,392,2018-08-22 01:18:50,2020-08-22 01:18:50
617,7,602,2018-12-01 12:34:34,2020-12-01 12:34:34
618,1,327,2020-05-17 14:59:15,2021-05-17 14:59:15
619,1,69,2019-02-10 23:50:57,2020-02-10 23:50:57
620,1,13,2020-02-15 10:26:17,2021-02-15 10:26:17
621,1,387,2020-06-07 14:52:16,2021-06-07 14:52:16
622,4,643,2020-07-14 03:52:48,2021-07-14 03:52:48
623,1,986,2018-07-20 01:56:01,2019-07-20 01:56:01
624,7,799,2020-05-25 14:21:00,2022-05-25 14:21:00
625,4,474,2020-04-13 23:02:54,2021-04-13 23:02:54
626,7,762,2018-12-08 14:55:17,2020-12-08 14:55:17
627,7,210,2018-07-21 17:01:15,2020-07-21 17:01:15
628,7,667,2019-09-21 09:39:07,2021-09-21 09:39:07
629,4,993,2020-09-09 20:50:22,2021-09-09 20:50:22
630,7,828,2020-01-25 13:50:57,2022-01-25 13:50:57
631,4,64,2020-03-07 10:27:44,2021-03-07 10:27:44
632,4,544,2020-05-29 15:56:04,2021-05-29 15:56:04
633,7,333,2020-04-07 12:20:50,2022-04-07 12:20:50
634,2,449,2018-04-18 13:39:25,2019-04-18 13:39:25
635,4,802,2018-09-27 10:34:52,2019-09-27 10:34:52
636,7,935,2019-05-24 07:29:25,2021-05-24 07:29:25
637,7,900,2019-08-03 03:04:49,2021-08-03 03:04:49
638,2,519,2020-02-26 12:45:48,2021-02-26 12:45:48
639,1,370,2019-12-30 00:24:44,2020-12-30 00:24:44
640,7,209,2020-01-24 06:44:41,2022-01-24 06:44:41
641,1,124,2018-04-22 07:15:56,2019-04-22 07:15:56
642,3,132,2019-09-06 02:09:54,2021-09-06 02:09:54
643,1,577,2019-09-18 02:51:29,2020-09-18 02:51:29
644,7,886,2018-11-12 19:39:38,2020-11-12 19:39:38
645,3,671,2018-11-07 17:16:54,2020-11-07 17:16:54
646,6,882,2018-05-06 23:43:40,2019-05-06 23:43:40
647,7,130,2019-05-03 22:51:02,2021-05-03 22:51:02
648,4,87,2018-05-19 12:26:21,2019-05-19 12:26:21
649,6,319,2019-08-27 18:51:34,2020-08-27 18:51:34
650,5,394,2018-06-17 05:02:37,2020-06-17 05:02:37
651,4,656,2019-09-27 15:17:27,2020-09-27 15:17:27
652,1,146,2020-03-28 02:19:12,2021-03-28 02:19:12
653,4,162,2019-11-13 02:20:56,2020-11-13 02:20:56
654,2,927,2018-04-09 05:29:17,2019-04-09 05:29:17
655,6,711,2018-01-30 12:18:34,2019-01-30 12:18:34
656,7,292,2019-04-15 13:59:23,2021-04-15 13:59:23
657,4,761,2018-07-14 21:16:38,2019-07-14 21:16:38
658,1,363,2019-01-31 12:44:53,2020-01-31 12:44:53
659,7,29,2019-12-03 17:52:35,2021-12-03 17:52:35
660,2,633,2018-04-02 03:34:22,2019-04-02 03:34:22
661,2,946,2019-05-18 15:05:02,2020-05-18 15:05:02
662,4,443,2019-06-21 19:15:50,2020-06-21 19:15:50
663,7,113,2019-12-03 23:46:29,2021-12-03 23:46:29
664,2,454,2018-06-25 05:15:27,2019-06-25 05:15:27
665,2,859,2019-11-12 16:07:53,2020-11-12 16:07:53
666,7,60,2018-04-16 02:32:28,2020-04-16 02:32:28
667,2,356,2018-05-16 09:53:28,2019-05-16 09:53:28
668,1,958,2018-12-31 19:28:57,2019-12-31 19:28:57
669,1,29,2019-01-16 18:21:23,2020-01-16 18:21:23
670,4,588,2020-02-12 16:05:57,2021-02-12 16:05:57
671,4,113,2018-07-27 09:15:57,2019-07-27 09:15:57
672,4,108,2019-11-28 11:59:42,2020-11-28 11:59:42
673,5,170,2020-09-14 19:23:26,2022-09-14 19:23:26
674,4,808,2018-05-31 01:44:03,2019-05-31 01:44:03
675,3,941,2019-06-12 23:47:18,2021-06-12 23:47:18
676,5,354,2020-04-13 14:34:57,2022-04-13 14:34:57
677,1,571,2020-05-22 18:18:23,2021-05-22 18:18:23
678,1,736,2019-12-05 05:04:15,2020-12-05 05:04:15
679,2,786,2018-01-05 04:43:38,2019-01-05 04:43:38
680,4,885,2019-08-23 20:13:47,2020-08-23 20:13:47
681,5,662,2019-04-27 14:30:42,2021-04-27 14:30:42
682,2,471,2020-03-25 10:19:00,2021-03-25 10:19:00
683,2,260,2018-05-16 08:07:08,2019-05-16 08:07:08
684,1,882,2018-04-09 15:22:18,2019-04-09 15:22:18
685,3,775,2020-07-15 15:59:55,2022-07-15 15:59:55
686,7,858,2018-08-22 23:34:22,2020-08-22 23:34:22
687,3,97,2019-09-21 21:15:15,2021-09-21 21:15:15
688,4,623,2019-03-29 20:47:38,2020-03-29 20:47:38
689,6,101,2020-02-16 06:08:53,2021-02-16 06:08:53
690,5,909,2020-08-20 08:59:25,2022-08-20 08:59:25
691,5,330,2018-08-09 20:42:11,2020-08-09 20:42:11
692,4,102,2019-01-17 10:48:29,2020-01-17 10:48:29
693,4,938,2018-01-26 19:44:19,2019-01-26 19:44:19
694,7,285,2019-02-12 18:00:28,2021-02-12 18:00:28
695,3,534,2018-05-15 11:23:35,2020-05-15 11:23:35
696,7,561,2019-07-14 10:42:19,2021-07-14 10:42:19
697,7,503,2019-04-05 04:37:51,2021-04-05 04:37:51
698,5,603,2019-06-23 13:21:38,2021-06-23 13:21:38
699,1,525,2020-04-25 02:08:56,2021-04-25 02:08:56
700,7,298,2019-10-11 01:58:52,2021-10-11 01:58:52
701,4,816,2018-10-29 20:55:38,2019-10-29 20:55:38
702,5,651,2019-06-19 13:31:12,2021-06-19 13:31:12
703,4,400,2020-04-28 07:48:49,2021-04-28 07:48:49
704,6,394,2019-07-02 16:49:50,2020-07-02 16:49:50
705,7,392,2019-05-24 08:22:01,2021-05-24 08:22:01
706,5,835,2018-12-23 13:04:32,2020-12-23 13:04:32
707,4,406,2019-08-20 18:50:44,2020-08-20 18:50:44
708,5,429,2019-05-06 23:09:22,2021-05-06 23:09:22
709,3,642,2018-01-20 07:09:32,2020-01-20 07:09:32
710,6,547,2018-11-13 12:52:19,2019-11-13 12:52:19
711,3,704,2018-05-05 17:57:41,2020-05-05 17:57:41
712,5,473,2018-02-01 03:35:39,2020-02-01 03:35:39
713,7,529,2020-02-07 13:25:51,2022-02-07 13:25:51
714,3,889,2019-04-02 13:32:54,2021-04-02 13:32:54
715,2,576,2018-04-30 21:42:44,2019-04-30 21:42:44
716,4,264,2019-11-15 05:52:35,2020-11-15 05:52:35
717,5,929,2018-11-26 21:14:01,2020-11-26 21:14:01
718,1,323,2019-06-28 00:08:59,2020-06-28 00:08:59
719,6,707,2019-09-17 11:17:35,2020-09-17 11:17:35
720,5,144,2019-04-14 13:31:47,2021-04-14 13:31:47
721,1,625,2019-03-14 20:29:30,2020-03-14 20:29:30
722,5,574,2020-05-25 14:20:26,2022-05-25 14:20:26
723,1,922,2020-05-28 17:25:19,2021-05-28 17:25:19
724,6,904,2018-06-09 13:04:44,2019-06-09 13:04:44
725,4,794,2020-01-16 05:54:54,2021-01-16 05:54:54
726,3,483,2019-05-05 05:24:54,2021-05-05 05:24:54
727,6,690,2020-06-21 11:26:01,2021-06-21 11:26:01
728,2,412,2020-06-02 06:07:13,2021-06-02 06:07:13
729,2,751,2018-08-22 07:50:04,2019-08-22 07:50:04
730,5,240,2020-02-16 05:08:55,2022-02-16 05:08:55
731,2,277,2019-11-04 01:34:27,2020-11-04 01:34:27
732,2,90,2019-01-21 09:32:39,2020-01-21 09:32:39
733,3,742,2018-02-27 00:14:19,2020-02-27 00:14:19
734,5,75,2020-01-24 23:29:38,2022-01-24 23:29:38
735,6,775,2018-12-29 12:12:52,2019-12-29 12:12:52
736,7,641,2019-11-01 00:01:13,2021-11-01 00:01:13
737,6,512,2019-04-11 06:02:22,2020-04-11 06:02:22
738,5,760,2020-05-01 04:45:35,2022-05-01 04:45:35
739,5,257,2018-10-20 08:00:04,2020-10-20 08:00:04
740,2,339,2020-09-04 04:23:27,2021-09-04 04:23:27
741,1,765,2018-01-16 23:11:17,2019-01-16 23:11:17
742,3,226,2019-04-28 17:00:44,2021-04-28 17:00:44
743,5,514,2019-01-05 02:54:38,2021-01-05 02:54:38
744,2,873,2018-05-31 19:59:44,2019-05-31 19:59:44
745,4,396,2018-05-23 03:04:30,2019-05-23 03:04:30
746,1,232,2020-04-21 12:33:59,2021-04-21 12:33:59
747,7,223,2020-06-09 18:13:20,2022-06-09 18:13:20
748,3,576,2020-08-30 12:40:53,2022-08-30 12:40:53
749,2,904,2019-07-15 00:44:17,2020-07-15 00:44:17
750,6,998,2018-05-15 23:08:32,2019-05-15 23:08:32
751,7,861,2018-04-18 00:17:39,2020-04-18 00:17:39
752,6,880,2019-02-26 23:26:53,2020-02-26 23:26:53
753,1,372,2018-06-08 11:42:45,2019-06-08 11:42:45
754,4,8,2018-05-15 12:47:01,2019-05-15 12:47:01
755,4,376,2019-11-10 08:27:43,2020-11-10 08:27:43
756,3,990,2018-06-29 14:06:27,2020-06-29 14:06:27
757,4,959,2018-08-24 11:08:34,2019-08-24 11:08:34
758,7,165,2020-05-28 15:54:46,2022-05-28 15:54:46
759,5,332,2019-11-19 12:02:04,2021-11-19 12:02:04
760,4,358,2020-04-10 09:19:59,2021-04-10 09:19:59
761,1,407,2018-01-16 16:21:46,2019-01-16 16:21:46
762,4,79,2018-05-08 12:31:24,2019-05-08 12:31:24
763,7,433,2019-10-02 05:59:07,2021-10-02 05:59:07
764,7,939,2018-07-01 05:37:46,2020-07-01 05:37:46
765,4,777,2019-06-14 04:32:46,2020-06-14 04:32:46
766,2,539,2018-10-18 17:22:31,2019-10-18 17:22:31
767,5,260,2019-10-07 09:28:40,2021-10-07 09:28:40
768,1,622,2018-12-22 13:50:48,2019-12-22 13:50:48
769,1,792,2020-07-10 06:51:55,2021-07-10 06:51:55
770,1,358,2018-10-28 02:24:19,2019-10-28 02:24:19
771,5,277,2018-08-30 13:08:25,2020-08-30 13:08:25
772,4,795,2020-09-14 00:55:47,2021-09-14 00:55:47
773,2,574,2019-06-19 12:39:17,2020-06-19 12:39:17
774,1,575,2018-03-23 20:11:18,2019-03-23 20:11:18
775,1,215,2019-07-30 17:41:35,2020-07-30 17:41:35
776,2,792,2019-02-27 10:54:58,2020-02-27 10:54:58
777,4,468,2019-12-17 06:40:27,2020-12-17 06:40:27
778,7,592,2018-04-15 23:56:56,2020-04-15 23:56:56
779,5,744,2020-02-29 08:52:34,2022-02-28 08:52:34
780,2,937,2018-12-31 14:46:04,2019-12-31 14:46:04
781,1,303,2019-10-30 07:50:47,2020-10-30 07:50:47
782,4,475,2018-04-07 18:18:54,2019-04-07 18:18:54
783,4,573,2019-08-26 16:58:48,2020-08-26 16:58:48
784,3,119,2018-03-08 23:31:12,2020-03-08 23:31:12
785,7,134,2020-05-17 12:58:16,2022-05-17 12:58:16
786,5,336,2018-01-19 22:03:59,2020-01-19 22:03:59
787,5,156,2020-02-15 08:31:58,2022-02-15 08:31:58
788,2,937,2019-05-29 20:17:39,2020-05-29 20:17:39
789,4,487,2018-11-02 04:37:43,2019-11-02 04:37:43
790,2,99,2018-04-07 14:09:08,2019-04-07 14:09:08
791,7,458,2020-05-01 06:51:57,2022-05-01 06:51:57
792,1,705,2019-12-23 01:45:42,2020-12-23 01:45:42
793,6,448,2019-10-13 17:41:22,2020-10-13 17:41:22
794,2,269,2018-08-24 09:39:39,2019-08-24 09:39:39
795,1,254,2018-05-17 04:39:40,2019-05-17 04:39:40
796,3,920,2020-02-24 05:36:31,2022-02-24 05:36:31
797,1,944,2020-02-12 20:41:15,2021-02-12 20:41:15
798,1,779,2018-09-15 18:23:16,2019-09-15 18:23:16
799,2,830,2020-03-01 01:05:11,2021-03-01 01:05:11
800,1,377,2019-09-09 08:42:17,2020-09-09 08:42:17
801,1,284,2020-03-31 10:05:54,2021-03-31 10:05:54
802,6,635,2019-08-28 23:07:16,2020-08-28 23:07:16
803,7,188,2020-05-28 04:38:37,2022-05-28 04:38:37
804,6,37,2018-07-19 11:27:06,2019-07-19 11:27:06
805,4,682,2018-07-17 00:55:26,2019-07-17 00:55:26
806,3,455,2020-05-01 23:44:19,2022-05-01 23:44:19
807,4,916,2019-03-29 05:52:50,2020-03-29 05:52:50
808,4,40,2020-04-08 15:56:17,2021-04-08 15:56:17
809,2,482,2019-06-19 01:22:08,2020-06-19 01:22:08
810,4,611,2020-02-15 10:00:37,2021-02-15 10:00:37
811,4,436,2018-01-22 22:40:25,2019-01-22 22:40:25
812,4,96,2018-08-09 04:43:51,2019-08-09 04:43:51
813,4,663,2018-09-28 16:13:37,2019-09-28 16:13:37
814,7,364,2019-03-03 02:48:12,2021-03-03 02:48:12
815,5,952,2019-05-13 01:23:44,2021-05-13 01:23:44
816,4,413,2018-12-21 22:41:14,2019-12-21 22:41:14
817,2,209,2019-12-10 15:49:33,2020-12-10 15:49:33
818,5,358,2020-02-10 19:03:57,2022-02-10 19:03:57
819,4,526,2020-03-17 10:50:46,2021-03-17 10:50:46
820,5,116,2018-05-10 08:29:39,2020-05-10 08:29:39
821,2,574,2018-01-09 12:04:09,2019-01-09 12:04:09
822,4,695,2018-02-16 14:19:04,2019-02-16 14:19:04
823,5,828,2020-01-28 16:39:22,2022-01-28 16:39:22
824,7,208,2019-10-23 07:29:26,2021-10-23 07:29:26
825,5,310,2020-03-24 13:25:16,2022-03-24 13:25:16
826,5,307,2018-02-11 12:01:32,2020-02-11 12:01:32
827,5,316,2018-10-12 00:10:28,2020-10-12 00:10:28
828,2,48,2018-09-08 06:49:16,2019-09-08 06:49:16
829,7,672,2018-08-15 07:54:15,2020-08-15 07:54:15
830,1,276,2018-06-15 14:01:17,2019-06-15 14:01:17
831,4,764,2019-12-18 02:36:25,2020-12-18 02:36:25
832,3,648,2018-09-11 01:27:58,2020-09-11 01:27:58
833,3,620,2019-08-14 11:05:30,2021-08-14 11:05:30
834,3,98,2019-04-15 22:46:30,2021-04-15 22:46:30
835,1,998,2018-10-26 06:35:55,2019-10-26 06:35:55
836,1,30,2019-10-31 22:35:01,2020-10-31 22:35:01
837,2,395,2019-03-16 02:31:45,2020-03-16 02:31:45
838,4,909,2019-03-26 23:26:23,2020-03-26 23:26:23
839,3,858,2020-06-18 22:40:25,2022-06-18 22:40:25
840,4,647,2019-06-17 06:32:37,2020-06-17 06:32:37
841,4,338,2019-04-04 10:55:47,2020-04-04 10:55:47
842,4,550,2018-12-08 05:17:37,2019-12-08 05:17:37
843,2,691,2020-03-31 03:11:31,2021-03-31 03:11:31
844,6,271,2019-12-02 13:37:58,2020-12-02 13:37:58
845,7,700,2018-09-22 14:18:09,2020-09-22 14:18:09
846,2,894,2020-05-15 07:01:58,2021-05-15 07:01:58
847,5,391,2018-11-20 16:11:04,2020-11-20 16:11:04
848,7,213,2018-01-31 09:17:08,2020-01-31 09:17:08
849,6,828,2018-01-25 14:45:44,2019-01-25 14:45:44
850,5,600,2020-04-04 08:21:00,2022-04-04 08:21:00
851,4,525,2020-03-07 19:01:13,2021-03-07 19:01:13
852,4,783,2019-05-05 10:24:25,2020-05-05 10:24:25
853,5,567,2020-03-17 15:53:59,2022-03-17 15:53:59
854,4,725,2019-08-27 01:40:42,2020-08-27 01:40:42
855,1,863,2018-11-22 19:09:40,2019-11-22 19:09:40
856,2,436,2019-03-20 06:17:17,2020-03-20 06:17:17
857,2,186,2018-05-04 06:54:25,2019-05-04 06:54:25
858,4,936,2020-08-14 17:27:04,2021-08-14 17:27:04
859,7,365,2019-03-27 04:48:48,2021-03-27 04:48:48
860,2,27,2020-02-01 12:22:17,2021-02-01 12:22:17
861,2,880,2018-03-19 17:17:16,2019-03-19 17:17:16
862,6,148,2019-12-15 16:55:52,2020-12-15 16:55:52
863,5,481,2020-06-20 20:46:25,2022-06-20 20:46:25
864,1,994,2020-01-16 00:59:57,2021-01-16 00:59:57
865,6,833,2020-07-06 01:29:58,2021-07-06 01:29:58
866,1,436,2020-06-26 08:25:28,2021-06-26 08:25:28
867,1,395,2020-01-30 16:19:00,2021-01-30 16:19:00
868,7,363,2019-03-31 18:40:43,2021-03-31 18:40:43
869,4,92,2020-03-04 21:19:31,2021-03-04 21:19:31
870,3,768,2019-01-06 10:04:07,2021-01-06 10:04:07
871,7,588,2018-06-26 01:21:53,2020-06-26 01:21:53
872,2,259,2018-09-23 12:21:07,2019-09-23 12:21:07
873,4,846,2018-12-31 04:23:36,2019-12-31 04:23:36
874,1,559,2019-08-21 19:33:01,2020-08-21 19:33:01
875,6,118,2019-06-02 00:51:52,2020-06-02 00:51:52
876,5,748,2019-06-04 10:56:35,2021-06-04 10:56:35
877,4,487,2019-04-27 15:48:55,2020-04-27 15:48:55
878,7,87,2018-04-07 06:41:37,2020-04-07 06:41:37
879,5,813,2020-07-10 00:45:20,2022-07-10 00:45:20
880,1,236,2018-06-05 18:36:52,2019-06-05 18:36:52
881,6,680,2020-04-25 18:39:48,2021-04-25 18:39:48
882,3,992,2019-06-08 04:23:21,2021-06-08 04:23:21
883,1,616,2018-08-10 11:13:52,2019-08-10 11:13:52
884,4,567,2019-03-13 03:05:03,2020-03-13 03:05:03
885,7,244,2018-11-06 13:10:54,2020-11-06 13:10:54
886,7,919,2018-09-26 21:40:38,2020-09-26 21:40:38
887,3,59,2018-07-29 00:47:55,2020-07-29 00:47:55
888,2,359,2018-11-05 02:43:13,2019-11-05 02:43:13
889,2,517,2018-08-25 00:37:14,2019-08-25 00:37:14
890,4,878,2018-04-19 19:53:45,2019-04-19 19:53:45
891,3,266,2019-09-08 07:32:16,2021-09-08 07:32:16
892,7,919,2018-09-02 16:34:26,2020-09-02 16:34:26
893,4,857,2019-05-27 23:28:17,2020-05-27 23:28:17
894,7,351,2018-06-10 06:09:48,2020-06-10 06:09:48
895,5,769,2020-07-31 23:51:46,2022-07-31 23:51:46
896,5,88,2018-03-16 03:25:28,2020-03-16 03:25:28
897,3,355,2019-02-16 00:11:42,2021-02-16 00:11:42
898,5,614,2019-09-12 20:31:39,2021-09-12 20:31:39
899,5,963,2019-06-18 22:38:44,2021-06-18 22:38:44
900,5,863,2018-02-27 11:33:42,2020-02-27 11:33:42
901,4,255,2018-09-25 09:33:32,2019-09-25 09:33:32
902,1,97,2019-07-10 09:49:29,2020-07-10 09:49:29
903,4,406,2018-08-07 00:48:49,2019-08-07 00:48:49
904,5,19,2019-10-14 19:18:10,2021-10-14 19:18:10
905,3,493,2019-10-25 07:04:33,2021-10-25 07:04:33
906,3,851,2019-04-25 16:29:01,2021-04-25 16:29:01
907,3,955,2018-05-26 06:20:05,2020-05-26 06:20:05
908,5,515,2019-09-25 20:36:47,2021-09-25 20:36:47
909,7,615,2019-10-17 18:33:04,2021-10-17 18:33:04
910,4,62,2019-07-04 16:02:01,2020-07-04 16:02:01
911,6,560,2020-08-16 06:43:58,2021-08-16 06:43:58
912,4,310,2018-09-30 17:04:05,2019-09-30 17:04:05
913,1,304,2019-06-30 20:55:35,2020-06-30 20:55:35
914,4,934,2018-06-03 00:48:33,2019-06-03 00:48:33
915,3,413,2018-06-02 02:24:42,2020-06-02 02:24:42
916,3,229,2020-06-27 00:27:12,2022-06-27 00:27:12
917,4,429,2018-02-06 20:09:08,2019-02-06 20:09:08
918,2,50,2019-02-26 20:56:05,2020-02-26 20:56:05
919,2,149,2020-04-11 17:02:24,2021-04-11 17:02:24
920,2,300,2018-08-11 00:19:19,2019-08-11 00:19:19
921,6,639,2020-03-07 04:51:24,2021-03-07 04:51:24
922,4,341,2020-08-13 17:00:39,2021-08-13 17:00:39
923,7,417,2020-03-23 04:18:36,2022-03-23 04:18:36
924,7,562,2019-11-14 09:35:28,2021-11-14 09:35:28
925,5,471,2018-10-19 23:17:40,2020-10-19 23:17:40
926,3,688,2019-02-15 19:13:52,2021-02-15 19:13:52
927,5,901,2018-07-25 19:04:00,2020-07-25 19:04:00
928,3,642,2019-05-14 09:29:29,2021-05-14 09:29:29
929,5,129,2018-11-15 00:05:02,2020-11-15 00:05:02
930,2,568,2020-04-27 12:41:29,2021-04-27 12:41:29
931,6,528,2018-01-04 18:52:56,2019-01-04 18:52:56
932,2,236,2019-08-19 01:22:55,2020-08-19 01:22:55
933,1,503,2020-08-10 13:37:10,2021-08-10 13:37:10
934,1,422,2018-02-06 07:34:03,2019-02-06 07:34:03
935,2,122,2020-04-13 18:50:35,2021-04-13 18:50:35
936,3,79,2019-11-02 15:32:36,2021-11-02 15:32:36
937,5,830,2019-03-14 23:30:02,2021-03-14 23:30:02
938,7,169,2018-07-18 13:34:43,2020-07-18 13:34:43
939,2,207,2019-07-09 22:49:40,2020-07-09 22:49:40
940,5,532,2018-09-17 22:18:53,2020-09-17 22:18:53
941,5,180,2020-04-06 11:17:07,2022-04-06 11:17:07
942,5,488,2019-04-03 18:09:48,2021-04-03 18:09:48
943,7,561,2020-08-01 08:42:20,2022-08-01 08:42:20
944,3,455,2020-02-27 13:51:50,2022-02-27 13:51:50
945,5,218,2020-02-10 15:41:17,2022-02-10 15:41:17
946,4,837,2018-04-26 23:02:37,2019-04-26 23:02:37
947,4,604,2019-03-08 23:57:26,2020-03-08 23:57:26
948,2,985,2018-10-05 07:16:36,2019-10-05 07:16:36
949,5,649,2019-08-01 14:49:44,2021-08-01 14:49:44
950,2,970,2018-05-20 19:02:09,2019-05-20 19:02:09
951,1,787,2019-01-22 20:35:56,2020-01-22 20:35:56
952,2,476,2019-12-21 06:14:11,2020-12-21 06:14:11
953,1,460,2019-02-20 05:36:38,2020-02-20 05:36:38
954,3,755,2018-08-16 03:16:23,2020-08-16 03:16:23
955,7,212,2018-01-10 13:48:03,2020-01-10 13:48:03
956,2,3,2020-03-02 09:45:17,2021-03-02 09:45:17
957,7,183,2018-07-16 21:05:33,2020-07-16 21:05:33
958,2,341,2018-06-16 15:41:54,2019-06-16 15:41:54
959,3,977,2018-11-29 19:04:58,2020-11-29 19:04:58
960,4,973,2020-05-10 04:19:34,2021-05-10 04:19:34
961,7,323,2019-06-16 13:41:14,2021-06-16 13:41:14
962,7,560,2019-07-29 20:49:42,2021-07-29 20:49:42
963,3,58,2018-06-30 02:51:15,2020-06-30 02:51:15
964,2,669,2018-01-04 09:19:56,2019-01-04 09:19:56
965,4,92,2020-01-27 07:31:47,2021-01-27 07:31:47
966,1,875,2019-04-09 17:17:39,2020-04-09 17:17:39
967,7,600,2018-01-29 20:48:31,2020-01-29 20:48:31
968,5,226,2019-06-21 10:02:39,2021-06-21 10:02:39
969,5,219,2018-03-17 22:17:33,2020-03-17 22:17:33
970,4,642,2018-08-12 21:40:37,2019-08-12 21:40:37
971,7,154,2019-07-23 23:44:42,2021-07-23 23:44:42
972,2,834,2018-08-10 02:08:55,2019-08-10 02:08:55
973,2,171,2019-11-20 14:21:05,2020-11-20 14:21:05
974,1,761,2018-08-08 20:53:49,2019-08-08 20:53:49
975,3,891,2019-02-01 22:13:55,2021-02-01 22:13:55
976,5,965,2018-08-21 12:56:45,2020-08-21 12:56:45
977,5,890,2019-02-21 01:51:19,2021-02-21 01:51:19
978,5,579,2018-08-17 05:12:13,2020-08-17 05:12:13
979,2,558,2019-05-22 15:56:38,2020-05-22 15:56:38
980,4,965,2019-05-18 12:43:48,2020-05-18 12:43:48
981,7,791,2019-07-17 11:40:16,2021-07-17 11:40:16
982,2,124,2018-02-13 08:40:43,2019-02-13 08:40:43
983,5,933,2019-07-03 07:04:02,2021-07-03 07:04:02
984,4,730,2020-06-26 20:01:22,2021-06-26 20:01:22
985,2,689,2020-04-20 03:47:10,2021-04-20 03:47:10
986,1,830,2018-12-29 06:18:18,2019-12-29 06:18:18
987,2,953,2018-01-12 04:21:21,2019-01-12 04:21:21
988,1,592,2020-04-09 06:06:30,2021-04-09 06:06:30
989,3,666,2019-11-17 12:12:09,2021-11-17 12:12:09
990,6,186,2020-06-22 09:58:24,2021-06-22 09:58:24
991,4,779,2020-08-22 00:35:32,2021-08-22 00:35:32
992,7,335,2020-08-16 16:21:56,2022-08-16 16:21:56
993,6,919,2018-09-19 19:34:47,2019-09-19 19:34:47
994,6,252,2018-01-13 06:24:31,2019-01-13 06:24:31
995,2,357,2019-05-01 00:30:56,2020-05-01 00:30:56
996,3,420,2019-02-07 02:48:32,2021-02-07 02:48:32
997,6,703,2019-10-19 10:35:11,2020-10-19 10:35:11
998,6,330,2018-06-14 18:09:52,2019-06-14 18:09:52
999,1,923,2020-02-07 16:05:29,2021-02-07 16:05:29
1000,3,926,2018-12-19 18:27:55,2020-12-19 18:27:55
